bid_id,buyer_id,product_id,date,price,status
bid-1,user-27,product-86,2022-08-01,140000000,sent
bid-2,user-49,product-180,2022-08-02,254000000,read
bid-3,user-15,product-186,2022-08-02,118000000,read
bid-4,user-31,product-268,2022-08-02,110000000,sent
bid-5,user-33,product-158,2022-08-02,82000000,read
bid-6,user-16,product-141,2022-08-03,176000000,read
bid-7,user-100,product-106,2022-08-03,248000000,sent
bid-8,user-9,product-274,2022-08-03,110000000,sent
bid-9,user-85,product-158,2022-08-03,214000000,sent
bid-10,user-35,product-290,2022-08-04,116000000,read
bid-11,user-35,product-194,2022-08-04,150000000,sent
bid-12,user-94,product-218,2022-08-04,148000000,sent
bid-13,user-70,product-175,2022-08-04,130000000,sent
bid-14,user-19,product-91,2022-08-05,218000000,sent
bid-15,user-65,product-224,2022-08-05,132000000,sent
bid-16,user-14,product-142,2022-08-05,114000000,sent
bid-17,user-81,product-70,2022-08-05,96000000,read
bid-18,user-49,product-201,2022-08-06,174000000,sent
bid-19,user-45,product-39,2022-08-06,216000000,read
bid-20,user-91,product-94,2022-08-06,102000000,sent
bid-21,user-29,product-64,2022-08-06,232000000,read
bid-22,user-14,product-91,2022-08-07,246000000,sent
bid-23,user-11,product-75,2022-08-07,250000000,read
bid-24,user-16,product-121,2022-08-07,226000000,sent
bid-25,user-8,product-56,2022-08-07,156000000,read
bid-26,user-27,product-241,2022-08-08,170000000,sent
bid-27,user-81,product-171,2022-08-08,206000000,read
bid-28,user-29,product-200,2022-08-08,232000000,sent
bid-29,user-13,product-77,2022-08-08,248000000,read
bid-30,user-45,product-254,2022-08-09,182000000,read
bid-31,user-11,product-292,2022-08-09,194000000,read
bid-32,user-9,product-155,2022-08-09,94000000,sent
bid-33,user-21,product-45,2022-08-09,194000000,read
bid-34,user-6,product-146,2022-08-10,168000000,sent
bid-35,user-19,product-289,2022-08-10,182000000,read
bid-36,user-21,product-299,2022-08-10,142000000,read
bid-37,user-65,product-43,2022-08-10,88000000,read
bid-38,user-92,product-9,2022-08-11,118000000,sent
bid-39,user-80,product-222,2022-08-11,258000000,read
bid-40,user-95,product-264,2022-08-11,136000000,read
bid-41,user-40,product-297,2022-08-11,100000000,sent
bid-42,user-24,product-96,2022-08-12,244000000,read
bid-43,user-77,product-33,2022-08-12,262000000,sent
bid-44,user-62,product-248,2022-08-12,148000000,read
bid-45,user-19,product-143,2022-08-12,152000000,read
bid-46,user-22,product-47,2022-08-13,172000000,read
bid-47,user-34,product-9,2022-08-13,208000000,sent
bid-48,user-54,product-156,2022-08-13,196000000,read
bid-49,user-12,product-108,2022-08-13,98000000,sent
bid-50,user-45,product-161,2022-08-14,142000000,read
bid-51,user-9,product-278,2022-08-14,204000000,sent
bid-52,user-85,product-201,2022-08-14,208000000,sent
bid-53,user-92,product-263,2022-08-14,166000000,sent
bid-54,user-40,product-272,2022-08-15,186000000,sent
bid-55,user-33,product-225,2022-08-15,128000000,read
bid-56,user-65,product-283,2022-08-15,234000000,sent
bid-57,user-35,product-290,2022-08-15,242000000,sent
bid-58,user-34,product-28,2022-08-16,174000000,read
bid-59,user-91,product-46,2022-08-16,168000000,sent
bid-60,user-91,product-123,2022-08-16,200000000,sent
bid-61,user-11,product-4,2022-08-16,260000000,read
bid-62,user-70,product-265,2022-08-17,210000000,read
bid-63,user-68,product-116,2022-08-17,202000000,sent
bid-64,user-24,product-30,2022-08-17,92000000,sent
bid-65,user-68,product-5,2022-08-17,268000000,read
bid-66,user-21,product-31,2022-08-18,186000000,sent
bid-67,user-38,product-161,2022-08-18,104000000,read
bid-68,user-29,product-252,2022-08-18,152000000,sent
bid-69,user-74,product-83,2022-08-18,178000000,sent
bid-70,user-14,product-120,2022-08-19,154000000,read
bid-71,user-83,product-88,2022-08-19,236000000,read
bid-72,user-39,product-236,2022-08-19,218000000,sent
bid-73,user-68,product-263,2022-08-19,136000000,sent
bid-74,user-100,product-58,2022-08-20,194000000,sent
bid-75,user-27,product-132,2022-08-20,258000000,read
bid-76,user-91,product-173,2022-08-20,228000000,read
bid-77,user-33,product-211,2022-08-20,204000000,sent
bid-78,user-15,product-155,2022-08-21,180000000,sent
bid-79,user-19,product-198,2022-08-21,176000000,read
bid-80,user-39,product-141,2022-08-21,148000000,read
bid-81,user-39,product-35,2022-08-21,86000000,read
bid-82,user-34,product-123,2022-08-22,196000000,sent
bid-83,user-33,product-22,2022-08-22,204000000,read
bid-84,user-62,product-68,2022-08-22,230000000,read
bid-85,user-91,product-142,2022-08-22,202000000,sent
bid-86,user-13,product-287,2022-08-23,158000000,sent
bid-87,user-68,product-104,2022-08-23,234000000,sent
bid-88,user-92,product-270,2022-08-23,262000000,read
bid-89,user-3,product-59,2022-08-23,242000000,sent
bid-90,user-31,product-125,2022-08-24,96000000,read
bid-91,user-57,product-294,2022-08-24,126000000,read
bid-92,user-98,product-21,2022-08-24,196000000,sent
bid-93,user-35,product-3,2022-08-24,228000000,read
bid-94,user-45,product-140,2022-08-25,218000000,read
bid-95,user-19,product-24,2022-08-25,90000000,sent
bid-96,user-31,product-245,2022-08-25,122000000,sent
bid-97,user-8,product-286,2022-08-25,190000000,sent
bid-98,user-15,product-288,2022-08-26,246000000,sent
bid-99,user-15,product-5,2022-08-26,210000000,sent
bid-100,user-70,product-261,2022-08-26,254000000,sent
bid-101,user-27,product-13,2022-08-26,262000000,sent
bid-102,user-65,product-220,2022-08-27,212000000,read
bid-103,user-21,product-77,2022-08-27,84000000,read
bid-104,user-85,product-157,2022-08-27,124000000,read
bid-105,user-94,product-20,2022-08-27,186000000,sent
bid-106,user-100,product-114,2022-08-28,160000000,sent
bid-107,user-94,product-47,2022-08-28,186000000,sent
bid-108,user-9,product-187,2022-08-28,122000000,sent
bid-109,user-53,product-221,2022-08-28,114000000,read
bid-110,user-83,product-163,2022-08-29,198000000,read
bid-111,user-85,product-257,2022-08-29,236000000,read
bid-112,user-65,product-65,2022-08-29,110000000,sent
bid-113,user-12,product-151,2022-08-29,178000000,sent
bid-114,user-87,product-149,2022-08-30,170000000,sent
bid-115,user-40,product-218,2022-08-30,114000000,sent
bid-116,user-34,product-63,2022-08-30,84000000,sent
bid-117,user-15,product-66,2022-08-30,232000000,sent
bid-118,user-100,product-75,2022-08-31,156000000,sent
bid-119,user-15,product-128,2022-08-31,132000000,sent
bid-120,user-38,product-26,2022-08-31,244000000,read
bid-121,user-29,product-246,2022-08-31,220000000,sent
bid-122,user-27,product-264,2022-09-01,226000000,read
bid-123,user-34,product-102,2022-09-01,132000000,sent
bid-124,user-83,product-285,2022-09-01,158000000,read
bid-125,user-55,product-65,2022-09-01,88000000,read
bid-126,user-6,product-176,2022-09-02,230000000,read
bid-127,user-8,product-210,2022-09-02,204000000,sent
bid-128,user-6,product-195,2022-09-02,100000000,sent
bid-129,user-80,product-21,2022-09-02,174000000,sent
bid-130,user-98,product-43,2022-09-03,216000000,sent
bid-131,user-66,product-65,2022-09-03,176000000,sent
bid-132,user-83,product-66,2022-09-03,248000000,read
bid-133,user-80,product-182,2022-09-03,216000000,read
bid-134,user-22,product-72,2022-09-04,96000000,read
bid-135,user-100,product-227,2022-09-04,174000000,read
bid-136,user-69,product-76,2022-09-04,172000000,sent
bid-137,user-57,product-295,2022-09-04,98000000,read
bid-138,user-27,product-244,2022-09-05,82000000,read
bid-139,user-53,product-144,2022-09-05,182000000,sent
bid-140,user-40,product-42,2022-09-05,262000000,read
bid-141,user-53,product-128,2022-09-05,140000000,read
bid-142,user-43,product-84,2022-09-06,268000000,sent
bid-143,user-35,product-205,2022-09-06,270000000,sent
bid-144,user-22,product-28,2022-09-06,240000000,sent
bid-145,user-9,product-91,2022-09-06,202000000,read
bid-146,user-67,product-26,2022-09-07,244000000,sent
bid-147,user-91,product-265,2022-09-07,108000000,read
bid-148,user-33,product-148,2022-09-07,258000000,read
bid-149,user-90,product-210,2022-09-07,254000000,sent
bid-150,user-81,product-22,2022-09-08,84000000,read
bid-151,user-9,product-197,2022-09-08,118000000,read
bid-152,user-13,product-256,2022-09-08,230000000,read
bid-153,user-66,product-139,2022-09-08,232000000,read
bid-154,user-55,product-21,2022-09-09,112000000,read
bid-155,user-66,product-260,2022-09-09,196000000,sent
bid-156,user-39,product-52,2022-09-09,156000000,sent
bid-157,user-35,product-93,2022-09-09,96000000,read
bid-158,user-94,product-220,2022-09-10,148000000,read
bid-159,user-2,product-85,2022-09-10,154000000,read
bid-160,user-85,product-154,2022-09-10,136000000,read
bid-161,user-43,product-225,2022-09-10,252000000,read
bid-162,user-23,product-105,2022-09-11,264000000,read
bid-163,user-66,product-171,2022-09-11,120000000,read
bid-164,user-57,product-161,2022-09-11,84000000,read
bid-165,user-8,product-81,2022-09-11,84000000,read
bid-166,user-13,product-230,2022-09-12,154000000,sent
bid-167,user-31,product-244,2022-09-12,234000000,read
bid-168,user-94,product-18,2022-09-12,152000000,read
bid-169,user-66,product-114,2022-09-12,126000000,read
bid-170,user-16,product-265,2022-09-13,166000000,read
bid-171,user-43,product-289,2022-09-13,186000000,read
bid-172,user-94,product-223,2022-09-13,112000000,read
bid-173,user-27,product-72,2022-09-13,164000000,sent
bid-174,user-33,product-299,2022-09-14,82000000,read
bid-175,user-68,product-290,2022-09-14,190000000,read
bid-176,user-35,product-148,2022-09-14,184000000,read
bid-177,user-12,product-67,2022-09-14,160000000,sent
bid-178,user-94,product-178,2022-09-15,194000000,sent
bid-179,user-23,product-159,2022-09-15,192000000,sent
bid-180,user-11,product-153,2022-09-15,216000000,read
bid-181,user-2,product-82,2022-09-15,210000000,read
bid-182,user-23,product-203,2022-09-16,106000000,sent
bid-183,user-13,product-231,2022-09-16,126000000,read
bid-184,user-77,product-29,2022-09-16,152000000,sent
bid-185,user-35,product-227,2022-09-16,92000000,sent
bid-186,user-22,product-215,2022-09-17,176000000,sent
bid-187,user-19,product-122,2022-09-17,122000000,read
bid-188,user-45,product-230,2022-09-17,80000000,sent
bid-189,user-57,product-23,2022-09-17,246000000,read
bid-190,user-53,product-159,2022-09-18,198000000,sent
bid-191,user-9,product-79,2022-09-18,180000000,read
bid-192,user-43,product-4,2022-09-18,232000000,sent
bid-193,user-80,product-224,2022-09-18,164000000,sent
bid-194,user-55,product-210,2022-09-19,88000000,read
bid-195,user-62,product-155,2022-09-19,114000000,sent
bid-196,user-38,product-172,2022-09-19,238000000,sent
bid-197,user-90,product-168,2022-09-19,132000000,sent
bid-198,user-14,product-39,2022-09-20,258000000,sent
bid-199,user-69,product-60,2022-09-20,98000000,read
bid-200,user-87,product-52,2022-09-20,100000000,sent
bid-201,user-6,product-189,2022-09-20,120000000,read
bid-202,user-34,product-98,2022-09-21,192000000,read
bid-203,user-9,product-6,2022-09-21,154000000,read
bid-204,user-100,product-134,2022-09-21,216000000,read
bid-205,user-33,product-229,2022-09-21,198000000,read
bid-206,user-3,product-75,2022-09-22,262000000,read
bid-207,user-66,product-237,2022-09-22,216000000,read
bid-208,user-24,product-68,2022-09-22,168000000,read
bid-209,user-34,product-189,2022-09-22,210000000,read
bid-210,user-57,product-179,2022-09-23,134000000,sent
bid-211,user-53,product-279,2022-09-23,102000000,sent
bid-212,user-33,product-242,2022-09-23,172000000,sent
bid-213,user-92,product-279,2022-09-23,192000000,sent
bid-214,user-94,product-138,2022-09-24,192000000,read
bid-215,user-23,product-64,2022-09-24,94000000,read
bid-216,user-87,product-162,2022-09-24,98000000,sent
bid-217,user-31,product-36,2022-09-24,256000000,read
bid-218,user-40,product-211,2022-09-25,162000000,read
bid-219,user-80,product-155,2022-09-25,218000000,sent
bid-220,user-70,product-290,2022-09-25,202000000,sent
bid-221,user-91,product-238,2022-09-25,98000000,sent
bid-222,user-29,product-80,2022-09-26,236000000,read
bid-223,user-80,product-164,2022-09-26,90000000,read
bid-224,user-90,product-175,2022-09-26,86000000,sent
bid-225,user-74,product-31,2022-09-26,88000000,read
bid-226,user-15,product-261,2022-09-27,152000000,read
bid-227,user-87,product-111,2022-09-27,102000000,read
bid-228,user-65,product-149,2022-09-27,88000000,read
bid-229,user-53,product-251,2022-09-27,110000000,read
bid-230,user-9,product-89,2022-09-28,258000000,read
bid-231,user-55,product-85,2022-09-28,90000000,sent
bid-232,user-85,product-297,2022-09-28,128000000,read
bid-233,user-14,product-40,2022-09-28,164000000,read
bid-234,user-85,product-115,2022-09-29,242000000,sent
bid-235,user-45,product-293,2022-09-29,206000000,sent
bid-236,user-100,product-166,2022-09-29,80000000,read
bid-237,user-94,product-86,2022-09-29,162000000,sent
bid-238,user-68,product-189,2022-09-30,200000000,read
bid-239,user-87,product-126,2022-09-30,112000000,read
bid-240,user-15,product-85,2022-09-30,114000000,sent
bid-241,user-24,product-122,2022-09-30,144000000,read
bid-242,user-80,product-174,2022-10-01,270000000,read
bid-243,user-14,product-220,2022-10-01,112000000,read
bid-244,user-67,product-59,2022-10-01,238000000,read
bid-245,user-39,product-199,2022-10-01,122000000,sent
bid-246,user-77,product-122,2022-10-02,144000000,read
bid-247,user-33,product-280,2022-10-02,118000000,read
bid-248,user-27,product-130,2022-10-02,210000000,sent
bid-249,user-95,product-66,2022-10-02,178000000,read
bid-250,user-31,product-154,2022-10-03,140000000,sent
bid-251,user-31,product-104,2022-10-03,136000000,sent
bid-252,user-43,product-270,2022-10-03,256000000,read
bid-253,user-19,product-38,2022-10-03,158000000,read
bid-254,user-9,product-145,2022-10-04,210000000,read
bid-255,user-15,product-8,2022-10-04,118000000,read
bid-256,user-87,product-175,2022-10-04,120000000,sent
bid-257,user-45,product-9,2022-10-04,176000000,read
bid-258,user-49,product-78,2022-10-05,176000000,read
bid-259,user-100,product-32,2022-10-05,150000000,sent
bid-260,user-95,product-59,2022-10-05,216000000,sent
bid-261,user-27,product-39,2022-10-05,132000000,read
bid-262,user-2,product-180,2022-10-06,144000000,sent
bid-263,user-34,product-238,2022-10-06,190000000,read
bid-264,user-21,product-267,2022-10-06,116000000,sent
bid-265,user-100,product-190,2022-10-06,258000000,read
bid-266,user-38,product-246,2022-10-07,192000000,read
bid-267,user-74,product-113,2022-10-07,162000000,sent
bid-268,user-90,product-159,2022-10-07,256000000,sent
bid-269,user-81,product-182,2022-10-07,238000000,read
bid-270,user-43,product-244,2022-10-08,214000000,sent
bid-271,user-35,product-151,2022-10-08,242000000,read
bid-272,user-92,product-28,2022-10-08,146000000,read
bid-273,user-43,product-298,2022-10-08,220000000,sent
bid-274,user-19,product-24,2022-10-09,230000000,read
bid-275,user-69,product-18,2022-10-09,122000000,sent
bid-276,user-38,product-66,2022-10-09,252000000,read
bid-277,user-12,product-98,2022-10-09,114000000,sent
bid-278,user-24,product-92,2022-10-10,106000000,read
bid-279,user-21,product-193,2022-10-10,238000000,read
bid-280,user-19,product-97,2022-10-10,206000000,read
bid-281,user-90,product-126,2022-10-10,236000000,read
bid-282,user-81,product-115,2022-10-11,142000000,read
bid-283,user-69,product-82,2022-10-11,154000000,read
bid-284,user-33,product-189,2022-10-11,268000000,read
bid-285,user-68,product-11,2022-10-11,256000000,sent
bid-286,user-12,product-134,2022-10-12,166000000,read
bid-287,user-31,product-9,2022-10-12,242000000,sent
bid-288,user-77,product-247,2022-10-12,138000000,read
bid-289,user-62,product-146,2022-10-12,236000000,read
bid-290,user-80,product-38,2022-10-13,206000000,sent
bid-291,user-15,product-6,2022-10-13,242000000,read
bid-292,user-45,product-281,2022-10-13,98000000,read
bid-293,user-35,product-32,2022-10-13,196000000,sent
bid-294,user-43,product-101,2022-10-14,100000000,read
bid-295,user-85,product-192,2022-10-14,190000000,sent
bid-296,user-92,product-200,2022-10-14,198000000,read
bid-297,user-35,product-256,2022-10-14,128000000,read
bid-298,user-23,product-75,2022-10-15,258000000,sent
bid-299,user-85,product-27,2022-10-15,94000000,read
bid-300,user-77,product-31,2022-10-15,204000000,sent
bid-301,user-95,product-215,2022-10-15,100000000,sent
bid-302,user-40,product-160,2022-10-16,266000000,read
bid-303,user-49,product-249,2022-10-16,250000000,sent
bid-304,user-70,product-19,2022-10-16,240000000,read
bid-305,user-96,product-145,2022-10-16,180000000,sent
bid-306,user-35,product-177,2022-10-17,140000000,read
bid-307,user-94,product-109,2022-10-17,268000000,read
bid-308,user-77,product-191,2022-10-17,100000000,read
bid-309,user-94,product-159,2022-10-17,208000000,read
bid-310,user-16,product-36,2022-10-18,208000000,read
bid-311,user-77,product-163,2022-10-18,158000000,read
bid-312,user-3,product-220,2022-10-18,126000000,read
bid-313,user-55,product-129,2022-10-18,232000000,read
bid-314,user-80,product-222,2022-10-19,214000000,read
bid-315,user-65,product-46,2022-10-19,106000000,sent
bid-316,user-45,product-297,2022-10-19,260000000,read
bid-317,user-43,product-110,2022-10-19,266000000,sent
bid-318,user-83,product-46,2022-10-20,178000000,sent
bid-319,user-57,product-246,2022-10-20,118000000,read
bid-320,user-45,product-200,2022-10-20,136000000,sent
bid-321,user-3,product-236,2022-10-20,138000000,sent
bid-322,user-49,product-235,2022-10-21,240000000,read
bid-323,user-35,product-62,2022-10-21,156000000,sent
bid-324,user-6,product-233,2022-10-21,190000000,read
bid-325,user-14,product-24,2022-10-21,90000000,sent
bid-326,user-54,product-98,2022-10-22,184000000,read
bid-327,user-49,product-289,2022-10-22,218000000,read
bid-328,user-27,product-279,2022-10-22,214000000,read
bid-329,user-100,product-39,2022-10-22,134000000,read
bid-330,user-22,product-68,2022-10-23,170000000,read
bid-331,user-35,product-183,2022-10-23,262000000,read
bid-332,user-53,product-50,2022-10-23,198000000,read
bid-333,user-40,product-57,2022-10-23,270000000,read
bid-334,user-21,product-126,2022-10-24,144000000,sent
bid-335,user-27,product-119,2022-10-24,150000000,read
bid-336,user-90,product-299,2022-10-24,122000000,read
bid-337,user-45,product-110,2022-10-24,196000000,read
bid-338,user-67,product-77,2022-10-25,82000000,read
bid-339,user-70,product-204,2022-10-25,192000000,read
bid-340,user-98,product-54,2022-10-25,138000000,read
bid-341,user-40,product-275,2022-10-25,98000000,sent
bid-342,user-81,product-287,2022-10-26,226000000,read
bid-343,user-55,product-64,2022-10-26,210000000,sent
bid-344,user-40,product-145,2022-10-26,182000000,read
bid-345,user-85,product-223,2022-10-26,220000000,sent
bid-346,user-57,product-36,2022-10-27,92000000,sent
bid-347,user-29,product-18,2022-10-27,250000000,read
bid-348,user-39,product-135,2022-10-27,118000000,sent
bid-349,user-31,product-159,2022-10-27,164000000,sent
bid-350,user-96,product-95,2022-10-28,230000000,sent
bid-351,user-87,product-245,2022-10-28,210000000,read
bid-352,user-21,product-300,2022-10-28,264000000,read
bid-353,user-38,product-105,2022-10-28,212000000,sent
bid-354,user-49,product-171,2022-10-29,186000000,read
bid-355,user-11,product-243,2022-10-29,140000000,sent
bid-356,user-95,product-192,2022-10-29,96000000,sent
bid-357,user-68,product-57,2022-10-29,150000000,read
bid-358,user-13,product-87,2022-10-30,110000000,read
bid-359,user-31,product-2,2022-10-30,178000000,sent
bid-360,user-81,product-179,2022-10-30,270000000,read
bid-361,user-8,product-20,2022-10-30,192000000,sent
bid-362,user-68,product-127,2022-10-31,162000000,read
bid-363,user-68,product-209,2022-10-31,114000000,sent
bid-364,user-80,product-137,2022-10-31,152000000,read
bid-365,user-6,product-262,2022-10-31,262000000,read
bid-366,user-9,product-28,2022-11-01,168000000,sent
bid-367,user-12,product-56,2022-11-01,188000000,sent
bid-368,user-11,product-149,2022-11-01,132000000,sent
bid-369,user-77,product-23,2022-11-01,164000000,sent
bid-370,user-57,product-203,2022-11-02,254000000,read
bid-371,user-69,product-222,2022-11-02,220000000,sent
bid-372,user-90,product-227,2022-11-02,182000000,read
bid-373,user-53,product-234,2022-11-02,220000000,sent
bid-374,user-54,product-44,2022-11-03,180000000,sent
bid-375,user-27,product-99,2022-11-03,126000000,sent
bid-376,user-87,product-300,2022-11-03,168000000,sent
bid-377,user-12,product-52,2022-11-03,264000000,read
bid-378,user-81,product-240,2022-11-04,216000000,read
bid-379,user-45,product-48,2022-11-04,162000000,read
bid-380,user-12,product-222,2022-11-04,160000000,read
bid-381,user-90,product-249,2022-11-04,220000000,read
bid-382,user-69,product-30,2022-11-05,262000000,read
bid-383,user-23,product-103,2022-11-05,190000000,sent
bid-384,user-23,product-229,2022-11-05,188000000,sent
bid-385,user-13,product-70,2022-11-05,240000000,read
bid-386,user-40,product-271,2022-11-06,270000000,read
bid-387,user-81,product-41,2022-11-06,210000000,sent
bid-388,user-94,product-116,2022-11-06,140000000,sent
bid-389,user-16,product-128,2022-11-06,246000000,read
bid-390,user-21,product-189,2022-11-07,144000000,sent
bid-391,user-66,product-189,2022-11-07,140000000,sent
bid-392,user-9,product-34,2022-11-07,120000000,sent
bid-393,user-45,product-274,2022-11-07,212000000,sent
bid-394,user-35,product-237,2022-11-08,234000000,sent
bid-395,user-66,product-48,2022-11-08,244000000,sent
bid-396,user-31,product-216,2022-11-08,250000000,read
bid-397,user-96,product-92,2022-11-08,270000000,sent
bid-398,user-9,product-241,2022-11-09,150000000,sent
bid-399,user-8,product-162,2022-11-09,84000000,sent
bid-400,user-27,product-107,2022-11-09,252000000,sent
bid-401,user-11,product-54,2022-11-09,174000000,read
bid-402,user-16,product-72,2022-11-10,86000000,sent
bid-403,user-38,product-240,2022-11-10,264000000,sent
bid-404,user-92,product-173,2022-11-10,180000000,read
bid-405,user-69,product-242,2022-11-10,138000000,sent
bid-406,user-66,product-255,2022-11-11,152000000,sent
bid-407,user-91,product-255,2022-11-11,142000000,read
bid-408,user-8,product-151,2022-11-11,222000000,sent
bid-409,user-23,product-152,2022-11-11,184000000,read
bid-410,user-38,product-183,2022-11-12,150000000,sent
bid-411,user-15,product-209,2022-11-12,130000000,read
bid-412,user-83,product-166,2022-11-12,114000000,sent
bid-413,user-69,product-76,2022-11-12,242000000,read
bid-414,user-14,product-195,2022-11-13,174000000,read
bid-415,user-21,product-128,2022-11-13,234000000,sent
bid-416,user-40,product-292,2022-11-13,254000000,read
bid-417,user-11,product-91,2022-11-13,114000000,read
bid-418,user-80,product-58,2022-11-14,198000000,read
bid-419,user-96,product-128,2022-11-14,132000000,sent
bid-420,user-96,product-5,2022-11-14,146000000,read
bid-421,user-68,product-155,2022-11-14,218000000,sent
bid-422,user-9,product-213,2022-11-15,202000000,read
bid-423,user-95,product-172,2022-11-15,130000000,sent
bid-424,user-80,product-202,2022-11-15,94000000,sent
bid-425,user-65,product-140,2022-11-15,226000000,sent
bid-426,user-14,product-134,2022-11-16,88000000,read
bid-427,user-16,product-200,2022-11-16,226000000,read
bid-428,user-100,product-114,2022-11-16,102000000,sent
bid-429,user-21,product-106,2022-11-16,118000000,sent
bid-430,user-66,product-288,2022-11-17,112000000,read
bid-431,user-27,product-47,2022-11-17,150000000,read
bid-432,user-38,product-99,2022-11-17,224000000,sent
bid-433,user-13,product-243,2022-11-17,138000000,read
bid-434,user-62,product-148,2022-11-18,190000000,sent
bid-435,user-74,product-152,2022-11-18,128000000,read
bid-436,user-40,product-146,2022-11-18,130000000,read
bid-437,user-21,product-26,2022-11-18,230000000,sent
bid-438,user-2,product-266,2022-11-19,256000000,sent
bid-439,user-94,product-37,2022-11-19,268000000,sent
bid-440,user-74,product-238,2022-11-19,102000000,read
bid-441,user-43,product-95,2022-11-19,236000000,read
bid-442,user-57,product-7,2022-11-20,218000000,read
bid-443,user-67,product-257,2022-11-20,90000000,sent
bid-444,user-11,product-61,2022-11-20,104000000,sent
bid-445,user-24,product-283,2022-11-20,256000000,sent
bid-446,user-38,product-81,2022-11-21,118000000,read
bid-447,user-6,product-125,2022-11-21,210000000,sent
bid-448,user-65,product-204,2022-11-21,84000000,read
bid-449,user-6,product-109,2022-11-21,134000000,read
bid-450,user-27,product-289,2022-11-22,192000000,read
bid-451,user-45,product-145,2022-11-22,176000000,sent
bid-452,user-29,product-241,2022-11-22,238000000,sent
bid-453,user-96,product-97,2022-11-22,154000000,read
bid-454,user-92,product-20,2022-11-23,134000000,read
bid-455,user-34,product-293,2022-11-23,158000000,sent
bid-456,user-34,product-190,2022-11-23,238000000,sent
bid-457,user-2,product-11,2022-11-23,96000000,sent
bid-458,user-68,product-273,2022-11-24,160000000,read
bid-459,user-6,product-175,2022-11-24,158000000,sent
bid-460,user-39,product-252,2022-11-24,250000000,sent
bid-461,user-100,product-110,2022-11-24,244000000,sent
bid-462,user-21,product-300,2022-11-25,120000000,read
bid-463,user-94,product-298,2022-11-25,140000000,read
bid-464,user-81,product-113,2022-11-25,226000000,sent
bid-465,user-100,product-203,2022-11-25,162000000,sent
bid-466,user-96,product-240,2022-11-26,122000000,read
bid-467,user-15,product-20,2022-11-26,258000000,sent
bid-468,user-81,product-165,2022-11-26,90000000,sent
bid-469,user-35,product-278,2022-11-26,102000000,sent
bid-470,user-31,product-187,2022-11-27,180000000,sent
bid-471,user-15,product-130,2022-11-27,230000000,read
bid-472,user-66,product-45,2022-11-27,126000000,sent
bid-473,user-92,product-114,2022-11-27,230000000,sent
bid-474,user-24,product-78,2022-11-28,82000000,sent
bid-475,user-13,product-225,2022-11-28,140000000,sent
bid-476,user-33,product-164,2022-11-28,224000000,read
bid-477,user-40,product-180,2022-11-28,108000000,read
bid-478,user-70,product-167,2022-11-29,138000000,read
bid-479,user-8,product-9,2022-11-29,268000000,sent
bid-480,user-14,product-43,2022-11-29,196000000,sent
bid-481,user-62,product-158,2022-11-29,196000000,sent
bid-482,user-31,product-291,2022-11-30,268000000,read
bid-483,user-45,product-20,2022-11-30,144000000,sent
bid-484,user-55,product-248,2022-11-30,196000000,read
bid-485,user-74,product-76,2022-11-30,210000000,read
bid-486,user-96,product-157,2022-12-01,196000000,sent
bid-487,user-19,product-139,2022-12-01,148000000,sent
bid-488,user-65,product-299,2022-12-01,212000000,sent
bid-489,user-65,product-57,2022-12-01,128000000,read
bid-490,user-6,product-299,2022-12-02,210000000,sent
bid-491,user-23,product-72,2022-12-02,196000000,sent
bid-492,user-13,product-149,2022-12-02,210000000,read
bid-493,user-80,product-285,2022-12-02,132000000,read
bid-494,user-12,product-268,2022-12-03,218000000,sent
bid-495,user-13,product-191,2022-12-03,270000000,read
bid-496,user-11,product-63,2022-12-03,132000000,read
bid-497,user-35,product-34,2022-12-03,156000000,read
bid-498,user-87,product-28,2022-12-04,144000000,read
bid-499,user-77,product-271,2022-12-04,80000000,sent
bid-500,user-80,product-24,2022-12-04,154000000,sent
bid-501,user-87,product-111,2022-12-04,94000000,sent
bid-502,user-13,product-28,2022-12-05,172000000,read
bid-503,user-66,product-17,2022-12-05,140000000,read
bid-504,user-55,product-103,2022-12-05,246000000,read
bid-505,user-6,product-125,2022-12-05,116000000,sent
bid-506,user-34,product-24,2022-12-06,212000000,sent
bid-507,user-23,product-99,2022-12-06,122000000,read
bid-508,user-40,product-11,2022-12-06,188000000,sent
bid-509,user-22,product-5,2022-12-06,206000000,read
bid-510,user-13,product-151,2022-12-07,130000000,sent
bid-511,user-92,product-118,2022-12-07,92000000,read
bid-512,user-6,product-56,2022-12-07,138000000,read
bid-513,user-66,product-58,2022-12-07,212000000,read
bid-514,user-49,product-289,2022-12-08,226000000,sent
bid-515,user-98,product-296,2022-12-08,80000000,sent
bid-516,user-35,product-202,2022-12-08,82000000,sent
bid-517,user-31,product-108,2022-12-08,208000000,sent
bid-518,user-95,product-195,2022-12-09,86000000,sent
bid-519,user-24,product-97,2022-12-09,164000000,sent
bid-520,user-53,product-265,2022-12-09,120000000,read
bid-521,user-69,product-53,2022-12-09,262000000,read
bid-522,user-31,product-68,2022-12-10,162000000,sent
bid-523,user-31,product-118,2022-12-10,188000000,read
bid-524,user-100,product-207,2022-12-10,126000000,sent
bid-525,user-45,product-182,2022-12-10,168000000,sent
bid-526,user-45,product-132,2022-12-11,222000000,read
bid-527,user-74,product-147,2022-12-11,172000000,read
bid-528,user-77,product-234,2022-12-11,196000000,sent
bid-529,user-95,product-114,2022-12-11,158000000,read
bid-530,user-12,product-262,2022-12-12,224000000,sent
bid-531,user-92,product-221,2022-12-12,192000000,read
bid-532,user-81,product-18,2022-12-12,124000000,sent
bid-533,user-33,product-124,2022-12-12,202000000,read
bid-534,user-38,product-216,2022-12-13,142000000,sent
bid-535,user-2,product-25,2022-12-13,170000000,read
bid-536,user-62,product-132,2022-12-13,128000000,sent
bid-537,user-23,product-247,2022-12-13,80000000,sent
bid-538,user-34,product-74,2022-12-14,208000000,sent
bid-539,user-80,product-157,2022-12-14,122000000,read
bid-540,user-57,product-42,2022-12-14,170000000,read
bid-541,user-38,product-96,2022-12-14,88000000,read
bid-542,user-67,product-236,2022-12-15,158000000,sent
bid-543,user-19,product-2,2022-12-15,252000000,read
bid-544,user-66,product-220,2022-12-15,124000000,sent
bid-545,user-6,product-173,2022-12-15,142000000,sent
bid-546,user-11,product-107,2022-12-16,94000000,sent
bid-547,user-15,product-294,2022-12-16,268000000,read
bid-548,user-27,product-235,2022-12-16,210000000,read
bid-549,user-15,product-198,2022-12-16,180000000,read
bid-550,user-31,product-48,2022-12-17,158000000,read
bid-551,user-3,product-194,2022-12-17,248000000,sent
bid-552,user-8,product-181,2022-12-17,166000000,read
bid-553,user-57,product-275,2022-12-17,266000000,read
bid-554,user-33,product-40,2022-12-18,202000000,sent
bid-555,user-9,product-57,2022-12-18,102000000,sent
bid-556,user-57,product-105,2022-12-18,218000000,read
bid-557,user-55,product-116,2022-12-18,192000000,read
bid-558,user-15,product-163,2022-12-19,228000000,read
bid-559,user-83,product-246,2022-12-19,144000000,read
bid-560,user-39,product-26,2022-12-19,196000000,read
bid-561,user-29,product-70,2022-12-19,202000000,sent
bid-562,user-27,product-68,2022-12-20,254000000,sent
bid-563,user-16,product-189,2022-12-20,218000000,sent
bid-564,user-11,product-76,2022-12-20,228000000,sent
bid-565,user-98,product-59,2022-12-20,234000000,sent
bid-566,user-16,product-184,2022-12-21,82000000,read
bid-567,user-74,product-163,2022-12-21,96000000,sent
bid-568,user-16,product-177,2022-12-21,134000000,read
bid-569,user-23,product-134,2022-12-21,150000000,read
bid-570,user-66,product-231,2022-12-22,138000000,sent
bid-571,user-31,product-50,2022-12-22,168000000,read
bid-572,user-21,product-117,2022-12-22,156000000,read
bid-573,user-43,product-274,2022-12-22,262000000,sent
bid-574,user-3,product-246,2022-12-23,144000000,read
bid-575,user-6,product-186,2022-12-23,242000000,read
bid-576,user-16,product-237,2022-12-23,196000000,sent
bid-577,user-54,product-106,2022-12-23,198000000,read
bid-578,user-11,product-99,2022-12-24,262000000,sent
bid-579,user-21,product-36,2022-12-24,264000000,sent
bid-580,user-80,product-233,2022-12-24,256000000,read
bid-581,user-14,product-183,2022-12-24,104000000,read
bid-582,user-90,product-250,2022-12-25,214000000,read
bid-583,user-21,product-209,2022-12-25,246000000,sent
bid-584,user-49,product-97,2022-12-25,120000000,sent
bid-585,user-13,product-183,2022-12-25,86000000,read
bid-586,user-92,product-205,2022-12-26,154000000,sent
bid-587,user-9,product-287,2022-12-26,262000000,sent
bid-588,user-98,product-142,2022-12-26,178000000,read
bid-589,user-27,product-219,2022-12-26,184000000,sent
bid-590,user-90,product-286,2022-12-27,90000000,read
bid-591,user-29,product-37,2022-12-27,208000000,read
bid-592,user-14,product-179,2022-12-27,90000000,sent
bid-593,user-87,product-171,2022-12-27,172000000,sent
bid-594,user-11,product-31,2022-12-28,250000000,read
bid-595,user-12,product-86,2022-12-28,108000000,sent
bid-596,user-70,product-60,2022-12-28,264000000,read
bid-597,user-85,product-43,2022-12-28,94000000,sent
bid-598,user-40,product-118,2022-12-29,134000000,sent
bid-599,user-8,product-142,2022-12-29,92000000,read
bid-600,user-65,product-96,2022-12-29,200000000,sent
bid-601,user-54,product-34,2022-12-29,120000000,read
bid-602,user-77,product-147,2022-12-30,108000000,sent
bid-603,user-14,product-106,2022-12-30,202000000,read
bid-604,user-45,product-15,2022-12-30,236000000,sent
bid-605,user-74,product-49,2022-12-30,206000000,sent
bid-606,user-6,product-188,2022-12-31,166000000,sent
bid-607,user-94,product-196,2022-12-31,158000000,sent
bid-608,user-68,product-56,2022-12-31,84000000,sent
bid-609,user-19,product-14,2022-12-31,146000000,sent
bid-610,user-23,product-57,2023-01-01,98000000,sent
bid-611,user-8,product-284,2023-01-01,250000000,sent
bid-612,user-80,product-112,2023-01-01,180000000,sent
bid-613,user-13,product-211,2023-01-01,172000000,sent
bid-614,user-43,product-281,2023-01-02,120000000,read
bid-615,user-62,product-128,2023-01-02,222000000,read
bid-616,user-23,product-150,2023-01-02,252000000,read
bid-617,user-27,product-30,2023-01-02,226000000,sent
bid-618,user-62,product-227,2023-01-03,236000000,read
bid-619,user-77,product-258,2023-01-03,154000000,sent
bid-620,user-49,product-116,2023-01-03,236000000,sent
bid-621,user-49,product-201,2023-01-03,136000000,sent
bid-622,user-68,product-288,2023-01-04,224000000,sent
bid-623,user-96,product-249,2023-01-04,104000000,sent
bid-624,user-67,product-193,2023-01-04,222000000,sent
bid-625,user-27,product-293,2023-01-04,130000000,sent
bid-626,user-69,product-264,2023-01-05,148000000,read
bid-627,user-100,product-250,2023-01-05,172000000,sent
bid-628,user-35,product-65,2023-01-05,258000000,read
bid-629,user-9,product-106,2023-01-05,202000000,read
bid-630,user-85,product-197,2023-01-06,112000000,read
bid-631,user-62,product-141,2023-01-06,202000000,sent
bid-632,user-90,product-91,2023-01-06,130000000,sent
bid-633,user-49,product-68,2023-01-06,258000000,sent
bid-634,user-65,product-217,2023-01-07,176000000,sent
bid-635,user-83,product-169,2023-01-07,100000000,read
bid-636,user-15,product-282,2023-01-07,208000000,read
bid-637,user-80,product-242,2023-01-07,190000000,sent
bid-638,user-85,product-19,2023-01-08,238000000,sent
bid-639,user-54,product-46,2023-01-08,142000000,sent
bid-640,user-38,product-12,2023-01-08,102000000,sent
bid-641,user-74,product-120,2023-01-08,226000000,sent
bid-642,user-35,product-256,2023-01-09,194000000,sent
bid-643,user-8,product-288,2023-01-09,84000000,read
bid-644,user-16,product-275,2023-01-09,220000000,read
bid-645,user-83,product-207,2023-01-09,208000000,sent
bid-646,user-33,product-107,2023-01-10,128000000,sent
bid-647,user-80,product-46,2023-01-10,122000000,read
bid-648,user-91,product-25,2023-01-10,224000000,sent
bid-649,user-87,product-278,2023-01-10,206000000,read
bid-650,user-43,product-105,2023-01-11,234000000,read
bid-651,user-57,product-202,2023-01-11,212000000,read
bid-652,user-3,product-199,2023-01-11,108000000,read
bid-653,user-66,product-48,2023-01-11,226000000,read
bid-654,user-12,product-141,2023-01-12,198000000,read
bid-655,user-83,product-48,2023-01-12,108000000,sent
bid-656,user-94,product-297,2023-01-12,84000000,sent
bid-657,user-22,product-248,2023-01-12,202000000,read
bid-658,user-8,product-55,2023-01-13,110000000,sent
bid-659,user-31,product-84,2023-01-13,158000000,read
bid-660,user-8,product-212,2023-01-13,206000000,read
bid-661,user-68,product-116,2023-01-13,162000000,read
bid-662,user-39,product-158,2023-01-14,88000000,read
bid-663,user-9,product-23,2023-01-14,112000000,sent
bid-664,user-40,product-26,2023-01-14,268000000,sent
bid-665,user-19,product-58,2023-01-14,182000000,read
bid-666,user-68,product-59,2023-01-15,174000000,sent
bid-667,user-11,product-138,2023-01-15,88000000,sent
bid-668,user-80,product-268,2023-01-15,204000000,sent
bid-669,user-31,product-282,2023-01-15,214000000,sent
bid-670,user-68,product-15,2023-01-16,194000000,read
bid-671,user-9,product-102,2023-01-16,156000000,sent
bid-672,user-68,product-194,2023-01-16,230000000,sent
bid-673,user-11,product-126,2023-01-16,228000000,sent
bid-674,user-38,product-241,2023-01-17,158000000,sent
bid-675,user-77,product-107,2023-01-17,222000000,read
bid-676,user-14,product-131,2023-01-17,248000000,read
bid-677,user-11,product-237,2023-01-17,246000000,sent
bid-678,user-22,product-281,2023-01-18,98000000,read
bid-679,user-21,product-61,2023-01-18,184000000,read
bid-680,user-27,product-90,2023-01-18,188000000,read
bid-681,user-14,product-156,2023-01-18,214000000,sent
bid-682,user-54,product-274,2023-01-19,168000000,read
bid-683,user-15,product-278,2023-01-19,146000000,sent
bid-684,user-85,product-202,2023-01-19,82000000,read
bid-685,user-21,product-8,2023-01-19,180000000,sent
bid-686,user-3,product-74,2023-01-20,238000000,read
bid-687,user-87,product-273,2023-01-20,178000000,read
bid-688,user-80,product-254,2023-01-20,222000000,read
bid-689,user-90,product-93,2023-01-20,224000000,sent
bid-690,user-3,product-130,2023-01-21,120000000,sent
bid-691,user-16,product-80,2023-01-21,166000000,read
bid-692,user-2,product-110,2023-01-21,214000000,read
bid-693,user-23,product-161,2023-01-21,108000000,sent
bid-694,user-83,product-271,2023-01-22,124000000,sent
bid-695,user-23,product-274,2023-01-22,106000000,sent
bid-696,user-22,product-226,2023-01-22,216000000,read
bid-697,user-62,product-193,2023-01-22,168000000,sent
bid-698,user-62,product-16,2023-01-23,124000000,read
bid-699,user-87,product-25,2023-01-23,128000000,sent
bid-700,user-40,product-188,2023-01-23,148000000,read
bid-701,user-13,product-256,2023-01-23,90000000,sent
bid-702,user-23,product-185,2023-01-24,110000000,read
bid-703,user-43,product-279,2023-01-24,112000000,sent
bid-704,user-90,product-15,2023-01-24,246000000,sent
bid-705,user-96,product-146,2023-01-24,220000000,sent
bid-706,user-13,product-34,2023-01-25,268000000,sent
bid-707,user-49,product-279,2023-01-25,182000000,read
bid-708,user-83,product-243,2023-01-25,258000000,read
bid-709,user-3,product-283,2023-01-25,94000000,sent
bid-710,user-83,product-39,2023-01-26,200000000,sent
bid-711,user-96,product-281,2023-01-26,252000000,sent
bid-712,user-16,product-105,2023-01-26,246000000,sent
bid-713,user-83,product-239,2023-01-26,104000000,sent
bid-714,user-6,product-5,2023-01-27,220000000,read
bid-715,user-96,product-120,2023-01-27,106000000,read
bid-716,user-83,product-70,2023-01-27,142000000,sent
bid-717,user-98,product-16,2023-01-27,262000000,read
bid-718,user-6,product-175,2023-01-28,86000000,sent
bid-719,user-19,product-178,2023-01-28,168000000,read
bid-720,user-16,product-271,2023-01-28,166000000,sent
bid-721,user-29,product-222,2023-01-28,226000000,read
bid-722,user-22,product-253,2023-01-29,170000000,read
bid-723,user-19,product-129,2023-01-29,122000000,read
bid-724,user-69,product-184,2023-01-29,262000000,read
bid-725,user-21,product-98,2023-01-29,218000000,read
bid-726,user-55,product-161,2023-01-30,102000000,read
bid-727,user-83,product-80,2023-01-30,180000000,sent
bid-728,user-45,product-147,2023-01-30,118000000,sent
bid-729,user-68,product-59,2023-01-30,256000000,sent
bid-730,user-29,product-56,2023-01-31,102000000,sent
bid-731,user-66,product-95,2023-01-31,198000000,sent
bid-732,user-94,product-130,2023-01-31,98000000,sent
bid-733,user-68,product-278,2023-01-31,96000000,sent
bid-734,user-81,product-142,2023-02-01,124000000,read
bid-735,user-54,product-174,2023-02-01,206000000,read
bid-736,user-55,product-5,2023-02-01,204000000,read
bid-737,user-21,product-94,2023-02-01,128000000,sent
bid-738,user-87,product-276,2023-02-02,266000000,sent
bid-739,user-98,product-58,2023-02-02,228000000,read
bid-740,user-81,product-76,2023-02-02,250000000,sent
bid-741,user-29,product-30,2023-02-02,130000000,sent
bid-742,user-31,product-87,2023-02-03,86000000,read
bid-743,user-55,product-81,2023-02-03,210000000,sent
bid-744,user-49,product-23,2023-02-03,234000000,read
bid-745,user-53,product-154,2023-02-03,134000000,sent
bid-746,user-74,product-143,2023-02-04,244000000,read
bid-747,user-83,product-177,2023-02-04,152000000,sent
bid-748,user-19,product-56,2023-02-04,114000000,read
bid-749,user-2,product-57,2023-02-04,92000000,read
bid-750,user-62,product-272,2023-02-05,264000000,sent
bid-751,user-91,product-280,2023-02-05,110000000,sent
bid-752,user-40,product-241,2023-02-05,104000000,sent
bid-753,user-90,product-219,2023-02-05,214000000,read
bid-754,user-9,product-83,2023-02-06,136000000,read
bid-755,user-62,product-27,2023-02-06,262000000,sent
bid-756,user-33,product-89,2023-02-06,190000000,read
bid-757,user-70,product-90,2023-02-06,230000000,sent
bid-758,user-57,product-131,2023-02-07,184000000,sent
bid-759,user-69,product-183,2023-02-07,174000000,sent
bid-760,user-29,product-64,2023-02-07,236000000,sent
bid-761,user-81,product-167,2023-02-07,242000000,sent
bid-762,user-6,product-110,2023-02-08,152000000,sent
bid-763,user-29,product-75,2023-02-08,266000000,sent
bid-764,user-67,product-84,2023-02-08,126000000,sent
bid-765,user-39,product-200,2023-02-08,114000000,read
bid-766,user-55,product-223,2023-02-09,216000000,sent
bid-767,user-95,product-204,2023-02-09,202000000,read
bid-768,user-80,product-271,2023-02-09,212000000,sent
bid-769,user-100,product-281,2023-02-09,218000000,read
bid-770,user-87,product-55,2023-02-10,226000000,read
bid-771,user-68,product-147,2023-02-10,122000000,read
bid-772,user-54,product-209,2023-02-10,176000000,sent
bid-773,user-39,product-211,2023-02-10,182000000,read
bid-774,user-62,product-159,2023-02-11,92000000,read
bid-775,user-54,product-120,2023-02-11,122000000,sent
bid-776,user-38,product-75,2023-02-11,186000000,read
bid-777,user-100,product-189,2023-02-11,104000000,sent
bid-778,user-35,product-263,2023-02-12,132000000,sent
bid-779,user-34,product-142,2023-02-12,244000000,sent
bid-780,user-55,product-245,2023-02-12,82000000,sent
bid-781,user-22,product-109,2023-02-12,222000000,read
bid-782,user-12,product-95,2023-02-13,208000000,read
bid-783,user-35,product-275,2023-02-13,212000000,sent
bid-784,user-13,product-43,2023-02-13,92000000,read
bid-785,user-77,product-211,2023-02-13,198000000,sent
bid-786,user-81,product-93,2023-02-14,216000000,read
bid-787,user-11,product-112,2023-02-14,172000000,read
bid-788,user-21,product-247,2023-02-14,92000000,read
bid-789,user-69,product-192,2023-02-14,210000000,sent
bid-790,user-16,product-193,2023-02-15,176000000,sent
bid-791,user-57,product-157,2023-02-15,164000000,read
bid-792,user-92,product-19,2023-02-15,216000000,read
bid-793,user-8,product-51,2023-02-15,230000000,read
bid-794,user-12,product-224,2023-02-16,118000000,read
bid-795,user-3,product-70,2023-02-16,218000000,read
bid-796,user-16,product-261,2023-02-16,246000000,sent
bid-797,user-13,product-228,2023-02-16,118000000,sent
bid-798,user-67,product-48,2023-02-17,88000000,read
bid-799,user-21,product-95,2023-02-17,188000000,read
bid-800,user-27,product-180,2023-02-17,232000000,sent
bid-801,user-90,product-246,2023-02-17,230000000,read
bid-802,user-55,product-45,2023-02-18,186000000,sent
bid-803,user-87,product-206,2023-02-18,186000000,sent
bid-804,user-80,product-185,2023-02-18,162000000,sent
bid-805,user-94,product-198,2023-02-18,260000000,read
bid-806,user-14,product-220,2023-02-19,194000000,read
bid-807,user-66,product-97,2023-02-19,236000000,sent
bid-808,user-29,product-118,2023-02-19,220000000,read
bid-809,user-55,product-235,2023-02-19,206000000,read
bid-810,user-57,product-174,2023-02-20,196000000,read
bid-811,user-95,product-48,2023-02-20,166000000,read
bid-812,user-33,product-152,2023-02-20,200000000,sent
bid-813,user-8,product-155,2023-02-20,186000000,read
bid-814,user-83,product-203,2023-02-21,252000000,sent
bid-815,user-55,product-288,2023-02-21,194000000,read
bid-816,user-45,product-219,2023-02-21,162000000,sent
bid-817,user-43,product-272,2023-02-21,232000000,read
bid-818,user-24,product-94,2023-02-22,184000000,read
bid-819,user-53,product-136,2023-02-22,186000000,read
bid-820,user-9,product-100,2023-02-22,132000000,sent
bid-821,user-45,product-291,2023-02-22,156000000,read
bid-822,user-34,product-35,2023-02-23,230000000,read
bid-823,user-19,product-209,2023-02-23,186000000,read
bid-824,user-65,product-71,2023-02-23,236000000,read
bid-825,user-16,product-94,2023-02-23,240000000,sent
bid-826,user-55,product-105,2023-02-24,86000000,read
bid-827,user-98,product-48,2023-02-24,192000000,read
bid-828,user-39,product-146,2023-02-24,200000000,sent
bid-829,user-3,product-86,2023-02-24,160000000,read
bid-830,user-45,product-18,2023-02-25,80000000,sent
bid-831,user-87,product-117,2023-02-25,112000000,sent
bid-832,user-77,product-108,2023-02-25,160000000,read
bid-833,user-62,product-139,2023-02-25,232000000,read
bid-834,user-6,product-246,2023-02-26,202000000,read
bid-835,user-27,product-129,2023-02-26,100000000,sent
bid-836,user-2,product-109,2023-02-26,86000000,sent
bid-837,user-49,product-174,2023-02-26,176000000,sent
bid-838,user-81,product-126,2023-02-27,174000000,read
bid-839,user-66,product-204,2023-02-27,204000000,read
bid-840,user-29,product-177,2023-02-27,156000000,read
bid-841,user-29,product-288,2023-02-27,100000000,read
bid-842,user-3,product-300,2023-02-28,234000000,sent
bid-843,user-8,product-17,2023-02-28,178000000,sent
bid-844,user-49,product-123,2023-02-28,208000000,read
bid-845,user-12,product-202,2023-02-28,158000000,read
bid-846,user-19,product-272,2023-03-01,82000000,sent
bid-847,user-33,product-283,2023-03-01,142000000,read
bid-848,user-3,product-141,2023-03-01,206000000,sent
bid-849,user-49,product-114,2023-03-01,104000000,read
bid-850,user-53,product-57,2023-03-02,256000000,sent
bid-851,user-24,product-295,2023-03-02,206000000,sent
bid-852,user-9,product-161,2023-03-02,156000000,sent
bid-853,user-33,product-129,2023-03-02,232000000,read
bid-854,user-29,product-252,2023-03-03,126000000,read
bid-855,user-3,product-86,2023-03-03,244000000,read
bid-856,user-34,product-179,2023-03-03,206000000,read
bid-857,user-8,product-90,2023-03-03,244000000,sent
bid-858,user-95,product-199,2023-03-04,188000000,read
bid-859,user-92,product-270,2023-03-04,254000000,read
bid-860,user-49,product-4,2023-03-04,210000000,sent
bid-861,user-85,product-182,2023-03-04,236000000,sent
bid-862,user-74,product-11,2023-03-05,146000000,read
bid-863,user-31,product-209,2023-03-05,256000000,sent
bid-864,user-70,product-272,2023-03-05,124000000,sent
bid-865,user-34,product-216,2023-03-05,198000000,read
bid-866,user-24,product-159,2023-03-06,114000000,sent
bid-867,user-68,product-292,2023-03-06,214000000,read
bid-868,user-90,product-93,2023-03-06,190000000,read
bid-869,user-11,product-231,2023-03-06,238000000,read
bid-870,user-35,product-78,2023-03-07,258000000,read
bid-871,user-81,product-22,2023-03-07,190000000,sent
bid-872,user-65,product-189,2023-03-07,216000000,read
bid-873,user-2,product-35,2023-03-07,114000000,read
bid-874,user-14,product-46,2023-03-08,160000000,sent
bid-875,user-94,product-76,2023-03-08,250000000,read
bid-876,user-33,product-103,2023-03-08,168000000,read
bid-877,user-14,product-41,2023-03-08,82000000,sent
bid-878,user-2,product-264,2023-03-09,214000000,read
bid-879,user-65,product-208,2023-03-09,122000000,read
bid-880,user-70,product-143,2023-03-09,270000000,read
bid-881,user-69,product-162,2023-03-09,138000000,sent
bid-882,user-55,product-221,2023-03-10,176000000,read
bid-883,user-45,product-31,2023-03-10,146000000,read
bid-884,user-67,product-152,2023-03-10,246000000,sent
bid-885,user-66,product-63,2023-03-10,192000000,read
bid-886,user-57,product-283,2023-03-11,194000000,sent
bid-887,user-54,product-122,2023-03-11,122000000,sent
bid-888,user-95,product-25,2023-03-11,174000000,sent
bid-889,user-77,product-270,2023-03-11,140000000,sent
bid-890,user-24,product-73,2023-03-12,80000000,read
bid-891,user-87,product-61,2023-03-12,170000000,read
bid-892,user-77,product-19,2023-03-12,240000000,sent
bid-893,user-21,product-52,2023-03-12,184000000,read
bid-894,user-53,product-170,2023-03-13,174000000,read
bid-895,user-27,product-46,2023-03-13,160000000,read
bid-896,user-15,product-169,2023-03-13,212000000,read
bid-897,user-81,product-73,2023-03-13,244000000,read
bid-898,user-22,product-219,2023-03-14,252000000,sent
bid-899,user-34,product-170,2023-03-14,120000000,sent
bid-900,user-70,product-227,2023-03-14,224000000,sent
bid-901,user-54,product-38,2023-03-14,202000000,read
bid-902,user-14,product-297,2023-03-15,140000000,sent
bid-903,user-57,product-74,2023-03-15,94000000,sent
bid-904,user-9,product-281,2023-03-15,262000000,sent
bid-905,user-62,product-149,2023-03-15,200000000,sent
bid-906,user-12,product-258,2023-03-16,268000000,read
bid-907,user-68,product-198,2023-03-16,246000000,read
bid-908,user-95,product-88,2023-03-16,226000000,read
bid-909,user-94,product-18,2023-03-16,216000000,sent
bid-910,user-53,product-122,2023-03-17,260000000,sent
bid-911,user-69,product-86,2023-03-17,124000000,sent
bid-912,user-14,product-180,2023-03-17,160000000,sent
bid-913,user-31,product-86,2023-03-17,222000000,read
bid-914,user-57,product-271,2023-03-18,138000000,sent
bid-915,user-14,product-277,2023-03-18,84000000,sent
bid-916,user-81,product-173,2023-03-18,86000000,read
bid-917,user-55,product-124,2023-03-18,246000000,sent
bid-918,user-66,product-182,2023-03-19,152000000,read
bid-919,user-43,product-235,2023-03-19,110000000,read
bid-920,user-14,product-163,2023-03-19,164000000,sent
bid-921,user-70,product-229,2023-03-19,176000000,sent
bid-922,user-13,product-57,2023-03-20,244000000,read
bid-923,user-19,product-64,2023-03-20,258000000,read
bid-924,user-87,product-30,2023-03-20,84000000,read
bid-925,user-29,product-131,2023-03-20,210000000,sent
bid-926,user-24,product-163,2023-03-21,92000000,read
bid-927,user-40,product-165,2023-03-21,158000000,sent
bid-928,user-91,product-83,2023-03-21,138000000,read
bid-929,user-39,product-290,2023-03-21,184000000,sent
bid-930,user-95,product-43,2023-03-22,144000000,sent
bid-931,user-74,product-45,2023-03-22,146000000,sent
bid-932,user-98,product-123,2023-03-22,258000000,sent
bid-933,user-14,product-251,2023-03-22,104000000,sent
bid-934,user-45,product-283,2023-03-23,130000000,read
bid-935,user-57,product-4,2023-03-23,200000000,sent
bid-936,user-62,product-138,2023-03-23,172000000,sent
bid-937,user-15,product-18,2023-03-23,142000000,read
bid-938,user-29,product-28,2023-03-24,198000000,read
bid-939,user-21,product-48,2023-03-24,86000000,read
bid-940,user-19,product-116,2023-03-24,168000000,sent
bid-941,user-19,product-117,2023-03-24,202000000,read
bid-942,user-33,product-256,2023-03-25,102000000,sent
bid-943,user-13,product-21,2023-03-25,182000000,sent
bid-944,user-34,product-166,2023-03-25,138000000,read
bid-945,user-77,product-93,2023-03-25,102000000,sent
bid-946,user-57,product-104,2023-03-26,208000000,read
bid-947,user-33,product-112,2023-03-26,270000000,read
bid-948,user-49,product-155,2023-03-26,260000000,sent
bid-949,user-92,product-28,2023-03-26,220000000,sent
bid-950,user-8,product-281,2023-03-27,220000000,sent
bid-951,user-83,product-24,2023-03-27,88000000,sent
bid-952,user-95,product-128,2023-03-27,126000000,sent
bid-953,user-70,product-277,2023-03-27,86000000,read
bid-954,user-14,product-97,2023-03-28,266000000,sent
bid-955,user-40,product-131,2023-03-28,134000000,sent
bid-956,user-55,product-251,2023-03-28,116000000,read
bid-957,user-21,product-70,2023-03-28,112000000,sent
bid-958,user-13,product-169,2023-03-29,214000000,read
bid-959,user-55,product-115,2023-03-29,98000000,sent
bid-960,user-67,product-182,2023-03-29,198000000,read
bid-961,user-39,product-254,2023-03-29,238000000,sent
bid-962,user-39,product-201,2023-03-30,94000000,read
bid-963,user-15,product-6,2023-03-30,180000000,sent
bid-964,user-19,product-71,2023-03-30,88000000,read
bid-965,user-15,product-196,2023-03-30,150000000,sent
bid-966,user-57,product-27,2023-03-31,252000000,sent
bid-967,user-87,product-129,2023-03-31,162000000,read
bid-968,user-35,product-90,2023-03-31,212000000,read
bid-969,user-22,product-8,2023-03-31,166000000,sent
bid-970,user-2,product-182,2023-04-01,192000000,sent
bid-971,user-100,product-97,2023-04-01,146000000,sent
bid-972,user-34,product-70,2023-04-01,106000000,sent
bid-973,user-23,product-110,2023-04-01,154000000,read
bid-974,user-69,product-236,2023-04-02,118000000,sent
bid-975,user-92,product-90,2023-04-02,242000000,read
bid-976,user-27,product-148,2023-04-02,252000000,read
bid-977,user-15,product-188,2023-04-02,84000000,sent
bid-978,user-15,product-251,2023-04-03,266000000,read
bid-979,user-68,product-231,2023-04-03,170000000,sent
bid-980,user-2,product-10,2023-04-03,166000000,read
bid-981,user-49,product-36,2023-04-03,194000000,read
bid-982,user-81,product-116,2023-04-04,100000000,read
bid-983,user-57,product-154,2023-04-04,244000000,read
bid-984,user-2,product-146,2023-04-04,80000000,read
bid-985,user-8,product-68,2023-04-04,84000000,sent
bid-986,user-54,product-153,2023-04-05,252000000,sent
bid-987,user-69,product-175,2023-04-05,140000000,sent
bid-988,user-16,product-92,2023-04-05,144000000,read
bid-989,user-23,product-236,2023-04-05,168000000,read
bid-990,user-8,product-129,2023-04-06,136000000,read
bid-991,user-95,product-26,2023-04-06,250000000,sent
bid-992,user-65,product-121,2023-04-06,176000000,sent
bid-993,user-62,product-128,2023-04-06,264000000,sent
bid-994,user-53,product-179,2023-04-07,192000000,read
bid-995,user-24,product-39,2023-04-07,180000000,sent
bid-996,user-95,product-163,2023-04-07,80000000,sent
bid-997,user-16,product-283,2023-04-07,248000000,sent
bid-998,user-91,product-36,2023-04-08,188000000,read
bid-999,user-12,product-148,2023-04-08,116000000,read
bid-1000,user-24,product-265,2023-04-08,252000000,read
